Last Name,First Name,Full Name,User ID,original due date,new due date (+72),Extension granter,Crowdmark  due date set?,Other Notes
Student1,Test,Test Student1,135249.teststudent1,2021-02-11  4:30:00 PM,2021-02-14 16:30,Colin,no,
Student2,Test,Test Student2,135249.teststudent2,2021-02-10  4:30:00 PM,2021-02-13 16:30,Colin,no,
,, ,#N/A,#N/A,#N/A,,,
,, ,#N/A,#N/A,#N/A,,,
,, ,#N/A,#N/A,#N/A,,,
,, ,#N/A,#N/A,#N/A,,,
,, ,#N/A,#N/A,#N/A,,,
,, ,#N/A,#N/A,#N/A,,,
,, ,#N/A,#N/A,#N/A,,,
,, ,#N/A,#N/A,#N/A,,,
,, ,#N/A,#N/A,#N/A,,,
,, ,#N/A,#N/A,#N/A,,,
,, ,#N/A,#N/A,#N/A,,,
,, ,#N/A,#N/A,#N/A,,,
,, ,#N/A,#N/A,#N/A,,,
,, ,#N/A,#N/A,#N/A,,,
,, ,#N/A,#N/A,#N/A,,,
,, ,#N/A,#N/A,#N/A,,,
,, ,#N/A,#N/A,#N/A,,,
,, ,#N/A,#N/A,#N/A,,,
,, ,#N/A,#N/A,#N/A,,,
,, ,#N/A,#N/A,#N/A,,,
,, ,#N/A,#N/A,#N/A,,,
,, ,#N/A,#N/A,#N/A,,,
,, ,#N/A,#N/A,#N/A,,,
,, ,#N/A,#N/A,#N/A,,,
,, ,#N/A,#N/A,#N/A,,,
,, ,#N/A,#N/A,#N/A,,,
,, ,#N/A,#N/A,#N/A,,,
,, ,#N/A,#N/A,#N/A,,,
,, ,#N/A,#N/A,#N/A,,,
,, ,#N/A,#N/A,#N/A,,,
,, ,#N/A,#N/A,#N/A,,,
,, ,#N/A,#N/A,#N/A,,,
,, ,#N/A,#N/A,#N/A,,,
,, ,#N/A,#N/A,#N/A,,,
,, ,#N/A,#N/A,#N/A,,,
,, ,#N/A,#N/A,#N/A,,,
,, ,#N/A,#N/A,#N/A,,,
,, ,#N/A,#N/A,#N/A,,,
,, ,#N/A,#N/A,#N/A,,,
,, ,#N/A,#N/A,#N/A,,,
,, ,#N/A,#N/A,#N/A,,,
,, ,#N/A,#N/A,#N/A,,,
,, ,#N/A,#N/A,#N/A,,,
,, ,#N/A,#N/A,#N/A,,,
,, ,#N/A,#N/A,#N/A,,,
,, ,#N/A,#N/A,#N/A,,,
,, ,#N/A,#N/A,#N/A,,,
,, ,#N/A,#N/A,#N/A,,,
,, ,#N/A,#N/A,#N/A,,,
,, ,#N/A,#N/A,#N/A,,,
,, ,#N/A,#N/A,#N/A,,,
,, ,#N/A,#N/A,#N/A,,,
,, ,#N/A,#N/A,#N/A,,,
,, ,#N/A,#N/A,#N/A,,,
,, ,#N/A,#N/A,#N/A,,,
,, ,#N/A,#N/A,#N/A,,,
,, ,#N/A,#N/A,#N/A,,,
,, ,#N/A,#N/A,#N/A,,,
,, ,#N/A,#N/A,#N/A,,,
,, ,#N/A,#N/A,#N/A,,,
,, ,#N/A,#N/A,#N/A,,,
,, ,#N/A,#N/A,#N/A,,,
,, ,#N/A,#N/A,#N/A,,,
,, ,#N/A,#N/A,#N/A,,,
,, ,#N/A,#N/A,#N/A,,,
,, ,#N/A,#N/A,#N/A,,,
,, ,#N/A,#N/A,#N/A,,,
,, ,#N/A,#N/A,#N/A,,,
,, ,#N/A,#N/A,#N/A,,,
,,,,,,,,
,,,,,,,,
,,,,,,,,
,,,,,,,,
